geo_code;time;unemp_youth_t;gdp_gr;inv_per_empl;population_total_t;unemp_workagepop_t;emigration_t;immigration_t;location;geo_name
AT;1995; 5,9;NA;NA;NA; 4,4;NA;NA;Central;Austria
AT;1996; 6,9;NA;NA;NA; 5,3;NA;NA;Central;Austria
AT;1997; 7,6;NA;NA;NA; 5,2;NA;NA;Central;Austria
AT;1998; 7,5;NA;NA;NA; 5,5; 64272;  72723;Central;Austria
AT;1999; 5,9;NA;NA;NA; 4,7; 66923;  86710;Central;Austria
AT;2000; 6,3;NA;NA;NA; 4,7; 64472;  81676;Central;Austria
AT;2001; 6,0;NA;NA;NA; 4,0; 72654;  89928;Central;Austria
AT;2002; 7,2;NA;NA; 8063640; 4,9; 74831; 108125;Central;Austria
AT;2003; 7,5;NA;NA; 8100273; 4,8; 71996; 111869;Central;Austria
AT;2004;12,1;NA;NA; 8142573; 5,9; 71721; 122547;Central;Austria
AT;2005;11,0;NA;NA; 8201359; 5,7; 70133; 114465;Central;Austria
AT;2006; 9,8;NA;NA; 8254298; 5,3; 74432;  98535;Central;Austria
AT;2007; 9,4;  3,7;NA; 8282984; 4,9; 49898;  72862;Central;Austria
AT;2008; 8,5;  1,5;14,2; 8307989; 4,2; 51563;  73772;Central;Austria
AT;2009;10,7; -3,8;12,2; 8335003; 5,4; 53244;  69295;Central;Austria
AT;2010; 9,5;  1,8;12,3; 8351643; 4,9; 51651;  70978;Central;Austria
AT;2011; 8,9;  2,9;12,5; 8375164; 4,6; 51197;  82230;Central;Austria
AT;2012; 9,4;  0,7;12,1; 8408121; 4,9; 51812;  91557;Central;Austria
AT;2013; 9,7;  0,0;12,2; 8451860; 5,4; 54071; 101866;Central;Austria
AT;2014;10,3;  0,7;11,2; 8507786; 5,7; 53491; 116262;Central;Austria
AT;2015;10,6;  1,1;11,6; 8584926; 5,8; 56689; 166323;Central;Austria
AT;2016;11,2;  2,0;11,9; 8700471; 6,1; 64428; 129509;Central;Austria
AT;2017; 9,8;  2,6;NA; 8772865; 5,6; 66144; 111801;Central;Austria
AT;2018; 9,4;  2,7;NA; 8822267; 4,9;NA;NA;Central;Austria
BE;1992;NA;NA;NA;NA;NA;NA;NA;West;Belgium
BE;1993;NA;NA;NA;NA;NA;NA;NA;West;Belgium
BE;1994;NA;NA;NA;NA;NA;NA;NA;West;Belgium
BE;1995;21,5;NA;NA;NA; 9,4;NA;NA;West;Belgium
BE;1996;20,5;NA;NA;NA; 9,5;NA;NA;West;Belgium
BE;1997;21,3;NA;NA;NA; 9,0;NA;NA;West;Belgium
BE;1998;20,4;NA;NA;NA; 9,4; 72087;  83812;West;Belgium
BE;1999;22,6;NA;NA;NA; 8,7; 74097;  91624;West;Belgium
BE;2000;15,2;NA;NA;NA; 6,6; 75320;  89388;West;Belgium
BE;2001;15,3;NA;NA;NA; 6,2; 75261; 110410;West;Belgium
BE;2002;15,7;NA;NA;10309725; 6,9; 75960; 113857;West;Belgium
BE;2003;19,0;NA;NA;10355844; 7,7; 79399; 112060;West;Belgium
BE;2004;17,5;NA;NA;10396421; 7,4; 83895; 117236;West;Belgium
BE;2005;21,5;NA;NA;10445852; 8,5; 86899; 132810;West;Belgium
BE;2006;20,5;NA;NA;10511382; 8,3; 88163; 137699;West;Belgium
BE;2007;18,8;  3,4;NA;10584534; 7,5; 91052; 146409;West;Belgium
BE;2008;18,0;  0,8;21,9;10666866; 7,0;NA;NA;West;Belgium
BE;2009;21,9; -2,3;NA;10753080; 8,0;NA;NA;West;Belgium
BE;2010;22,4;  2,7;16,8;10839905; 8,4; 66013; 135281;West;Belgium
BE;2011;18,7;  1,8;19,2;11000638; 7,2; 84148; 147377;West;Belgium
BE;2012;19,8;  0,2;15,2;11075889; 7,6; 93600; 129477;West;Belgium
BE;2013;23,7;  0,2;16,8;11137974; 8,5;102657; 120078;West;Belgium
BE;2014;23,2;  1,3;21,3;11180840; 8,6; 94573; 123158;West;Belgium
BE;2015;22,1;  1,7;18,0;11237274; 8,6; 89794; 146626;West;Belgium
BE;2016;20,1;  1,5;18,7;11311117; 7,9; 92471; 123702;West;Belgium
BE;2017;19,3;  1,7;NA;11351727; 7,1; 89690; 126703;West;Belgium
BE;2018;15,8;  1,4;NA;11398589; 6,0;NA;NA;West;Belgium
BG;2000;33,3;NA;NA;NA;16,4;NA;NA;East;Bulgaria
BG;2001;39,3;NA;NA;NA;20,0;NA;NA;East;Bulgaria
BG;2002;35,6;NA;NA; 7868815;18,3;NA;NA;East;Bulgaria
BG;2003;27,1;NA;NA; 7805506;13,9;NA;NA;East;Bulgaria
BG;2004;24,5;NA;NA; 7745147;12,2;NA;NA;East;Bulgaria
BG;2005;22,3;NA;NA; 7688573;10,2;NA;NA;East;Bulgaria
BG;2006;19,5;NA;NA; 7629371; 9,0;NA;NA;East;Bulgaria
BG;2007;15,1;  7,3;NA; 7572673; 6,9;  2958;   1561;East;Bulgaria
BG;2008;12,7;  6,0; 6,1; 7518002; 5,7;NA;NA;East;Bulgaria
BG;2009;16,2; -3,6;NA; 7467119; 6,9;NA;NA;East;Bulgaria
BG;2010;21,9;  1,3; 3,4; 7421766;10,3;NA;NA;East;Bulgaria
BG;2011;25,0;  1,9; 3,8; 7369431;11,4;NA;NA;East;Bulgaria
BG;2012;28,1;  0,0; 4,1; 7327224;12,4; 16615;  14103;East;Bulgaria
BG;2013;28,4;  0,5; 3,6; 7284552;13,0; 19678;  18570;East;Bulgaria
BG;2014;23,8;  1,8; 4,1; 7245677;11,5; 28727;  26615;East;Bulgaria
BG;2015;21,6;  3,5; 3,8; 7202198; 9,2; 29470;  25223;East;Bulgaria
BG;2016;17,2;  3,9; 3,6; 7153784; 7,7; 30570;  21241;East;Bulgaria
BG;2017;12,9;  3,8;NA; 7101859; 6,2; 31586;  25597;East;Bulgaria
BG;2018;12,7;  3,1;NA; 7050034; 5,3;NA;NA;East;Bulgaria
CH;1996; 4,9;NA;NA;NA; 3,8;NA;NA;Central;Switzerland
CH;1997; 6,4;NA;NA;NA; 4,3;NA;NA;Central;Switzerland
CH;1998; 6,1;NA;NA;NA; 3,7; 94778;  95955;Central;Switzerland
CH;1999; 6,2;NA;NA;NA; 3,2; 91804; 107953;Central;Switzerland
CH;2000; 5,0;NA;NA;NA; 2,7; 90078; 110302;Central;Switzerland
CH;2001; 5,6;NA;NA;NA; 2,5; 82234; 124077;Central;Switzerland
CH;2002; 5,6;NA;NA; 7255653; 3,0; 78419; 127340;Central;Switzerland
CH;2003; 8,5;NA;NA; 7313853; 4,2; 76756; 119783;Central;Switzerland
CH;2004; 7,7;NA;NA; 7364148; 4,4; 79726; 120188;Central;Switzerland
CH;2005; 8,8;NA;NA; 7415102; 4,5; 82090; 118270;Central;Switzerland
CH;2006; 7,7;NA;NA; 7459128; 4,1; 88218; 127586;Central;Switzerland
CH;2007; 7,1;  4,1;NA; 7508739; 3,7; 90175; 165634;Central;Switzerland
CH;2008; 7,0;  2,2;NA; 7593494; 3,4; 86130; 184297;Central;Switzerland
CH;2009; 8,5; -2,2;NA; 7701856; 4,2; 86036; 160623;Central;Switzerland
CH;2010; 8,2;  3,0;13,1; 7785806; 4,9; 96839; 161778;Central;Switzerland
CH;2011; 7,7;  1,7;14,3; 7870134; 4,5; 96494; 148799;Central;Switzerland
CH;2012; 8,3;  1,0;14,9; 7954662; 4,6;103881; 149051;Central;Switzerland
CH;2013; 8,7;  1,9;14,8; 8039060; 4,9;106196; 160157;Central;Switzerland
CH;2014; 8,6;  2,4;15,3; 8139631; 5,0;111103; 156282;Central;Switzerland
CH;2015; 8,8;  1,3;18,9; 8237666; 4,9;116631; 153627;Central;Switzerland
CH;2016; 8,6;  1,6;17,4; 8327126; 5,1;120653; 149305;Central;Switzerland
CH;2017; 8,1;  1,6;NA; 8419550; 5,0;124997; 143377;Central;Switzerland
CH;2018; 7,9;  2,5;NA; 8484130; 4,9;NA;NA;Central;Switzerland
CY;1999;NA;NA;NA;NA;NA;NA;   8524;South;Cyprus
CY;2000;10,2;NA;NA;NA; 5,1;NA;  12764;South;Cyprus
CY;2001; 8,2;NA;NA;NA; 4,0;NA;  17485;South;Cyprus
CY;2002; 7,7;NA;NA;  705539; 3,4;  1474;   6940;South;Cyprus
CY;2003; 8,9;NA;NA;  713720; 4,2;  1696;   7981;South;Cyprus
CY;2004; 8,7;NA;NA;  722893; 4,4;  1913;   9003;South;Cyprus
CY;2005;13,9;NA;NA;  733067; 5,4;  2192;  10320;South;Cyprus
CY;2006;10,0;NA;NA;  744013; 4,7;  2778;  13077;South;Cyprus
CY;2007;10,2;  5,1;NA;  757916; 4,0;  4106;  19328;South;Cyprus
CY;2008; 9,0;  3,6; 8,5;  776333; 3,8;  4474;  21060;South;Cyprus
CY;2009;13,8; -2,0; 7,3;  796930; 5,5;  4797;  22581;South;Cyprus
CY;2010;16,6;  1,3; 7,3;  819140; 6,5;  4293;  20206;South;Cyprus
CY;2011;22,4;  0,4; 5,2;  839751; 8,1;  4895;  23037;South;Cyprus
CY;2012;27,7; -2,9; 4,6;  862011;12,1; 18105;  17476;South;Cyprus
CY;2013;38,9; -5,8;NA;  865878;16,1; 25227;  13149;South;Cyprus
CY;2014;36,0; -1,3; 3,3;  858000;16,3; 24038;   9212;South;Cyprus
CY;2015;32,8;  2,0; 3,2;  847008;15,2; 17183;  15183;South;Cyprus
CY;2016;29,1;  4,8; 3,8;  848319;13,2; 14892;  17391;South;Cyprus
CY;2017;24,7;  4,5;NA;  854802;11,3; 15105;  21306;South;Cyprus
CY;2018;20,2;  3,9;NA;  864236; 8,6;NA;NA;South;Cyprus
CZ;1998;10,8;NA;NA;NA; 5,9;NA;NA;Central;Czech Republic
CZ;1999;16,6;NA;NA;NA; 8,5;NA;NA;Central;Czech Republic
CZ;2000;17,0;NA;NA;NA; 8,8;NA;NA;Central;Czech Republic
CZ;2001;16,3;NA;NA;NA; 8,0; 21469;  12918;Central;Czech Republic
CZ;2002;15,4;NA;NA;10201182; 7,1; 32389;  44679;Central;Czech Republic
CZ;2003;16,8;NA;NA;10192649; 7,6; 34226;  60015;Central;Czech Republic
CZ;2004;19,9;NA;NA;10195347; 8,3; 34818;  53453;Central;Czech Republic
CZ;2005;19,2;NA;NA;10198855; 8,0; 24065;  60294;Central;Czech Republic
CZ;2006;17,5;NA;NA;10223577; 7,2; 33463;  68183;Central;Czech Republic
CZ;2007;10,7;  5,6;NA;10254233; 5,4; 20500; 104445;Central;Czech Republic
CZ;2008; 9,9;  2,7; 6,6;10343422; 4,4; 51478; 108267;Central;Czech Republic
CZ;2009;16,6; -4,8; 5,0;10425783; 6,8; 61782;  75620;Central;Czech Republic
CZ;2010;18,3;  2,3; 5,8;10462088; 7,4; 61069;  48317;Central;Czech Republic
CZ;2011;18,1;  1,8; 6,2;10486731; 6,8; 55910;  27114;Central;Czech Republic
CZ;2012;19,5; -0,8; 5,9;10505445; 7,0; 46106;  34337;Central;Czech Republic
CZ;2013;19,0; -0,5; 5,9;10516125; 7,0; 25894;  30124;Central;Czech Republic
CZ;2014;15,9;  2,7; 5,4;10512419; 6,2; 28468;  29897;Central;Czech Republic
CZ;2015;12,6;  5,3; 5,8;10538275; 5,1; 25684;  29602;Central;Czech Republic
CZ;2016;10,5;  2,5; 5,7;10553843; 4,0; 38864;  64083;Central;Czech Republic
CZ;2017; 7,9;  4,4;NA;10578820; 2,9; 27316;  51847;Central;Czech Republic
CZ;2018; 6,7;  2,9;NA;10610055; 2,3;NA;NA;Central;Czech Republic
DE;1992;NA;NA;NA;NA;NA;NA;NA;Central;Germany
DE;1993;NA;NA;NA;NA;NA;NA;NA;Central;Germany
DE;1994;NA;NA;NA;NA;NA;NA;NA;Central;Germany
DE;1995; 8,5;NA;NA;NA; 8,2;NA;NA;Central;Germany
DE;1996; 9,6;NA;NA;NA; 8,9;NA;NA;Central;Germany
DE;1997;10,7;NA;NA;NA; 9,9;NA;NA;Central;Germany
DE;1999; 8,9;NA;NA;NA; 8,9;672048; 874023;Central;Germany
DE;2000; 8,5;NA;NA;NA; 8,0;674038; 841158;Central;Germany
DE;2001; 7,8;NA;NA;NA; 7,8;606494; 879217;Central;Germany
DE;2002; 9,3;NA;NA;82440309; 8,6;623255; 842543;Central;Germany
DE;2003;11,0;NA;NA;82536680; 9,9;626330; 768975;Central;Germany
DE;2004;13,0;NA;NA;82531671;10,8;697632; 780175;Central;Germany
DE;2005;15,5;NA;NA;82500849;11,3;628399; 707352;Central;Germany
DE;2006;13,8;NA;NA;82437995;10,4;639064; 661855;Central;Germany
DE;2007;11,9;  3,3;NA;82314906; 8,8;636854; 680766;Central;Germany
DE;2008;10,6;  1,1; 8,5;82217837; 7,6;737889; 682146;Central;Germany
DE;2009;11,2; -5,6; 6,9;82002356; 7,9;286582; 346216;Central;Germany
DE;2010; 9,8;  4,1; 6,7;81802257; 7,1;252456; 404055;Central;Germany
DE;2011; 8,5;  3,7; 6,8;80222065; 5,9;249045; 489422;Central;Germany
DE;2012; 8,0;  0,5; 6,7;80327900; 5,5;240001; 592175;Central;Germany
DE;2013; 7,8;  0,5; 6,6;80523746; 5,3;259328; 692713;Central;Germany
DE;2014; 7,7;  2,2; 7,2;80767463; 5,1;324221; 884893;Central;Germany
DE;2015; 7,2;  1,7; 7,3;81197537; 4,7;347162;1543848;Central;Germany
DE;2016; 7,1;  2,2; 7,9;82175684; 4,2;533762;1029852;Central;Germany
DE;2017; 6,8;  2,2;NA;82521653; 3,8;560700; 917109;Central;Germany
DE;2018; 6,2;  1,4;NA;82792351; 3,5;NA;NA;Central;Germany
DK;1992;NA;NA;NA;NA;NA;NA;NA;North;Denmark
DK;1993;NA;NA;NA;NA;NA;NA;NA;North;Denmark
DK;1994;NA;NA;NA;NA;NA;NA;NA;North;Denmark
DK;1995; 9,9;NA;NA;NA; 7,0;NA;NA;North;Denmark
DK;1996;10,6;NA;NA;NA; 6,9;NA;NA;North;Denmark
DK;1997; 8,1;NA;NA;NA; 5,4;NA;NA;North;Denmark
DK;1998; 7,2;NA;NA;NA; 5,1; 40340;  51372;North;Denmark
DK;1999;10,0;NA;NA;NA; 5,2; 41340;  50236;North;Denmark
DK;2000; 6,7;NA;NA;NA; 4,5; 43417;  52915;North;Denmark
DK;2001; 8,3;NA;NA;NA; 4,2; 43980;  55984;North;Denmark
DK;2002; 7,1;NA;NA; 5368354; 4,3; 43481;  52778;North;Denmark
DK;2003; 9,8;NA;NA; 5383507; 5,5; 43466;  49754;North;Denmark
DK;2004; 7,8;NA;NA; 5397640; 5,3; 45017;  49860;North;Denmark
DK;2005; 8,6;NA;NA; 5411405; 4,9; 45869;  52458;North;Denmark
DK;2006; 7,7;NA;NA; 5427459; 4,0; 46786;  56750;North;Denmark
DK;2007; 7,5;  0,9;NA; 5447084; 3,8; 41566;  64656;North;Denmark
DK;2008; 8,0; -0,5;24,0; 5475791; 3,5; 38356;  57357;North;Denmark
DK;2009;11,8; -4,9;14,8; 5511451; 6,1; 39899;  51800;North;Denmark
DK;2010;14,0;  1,9;13,6; 5534738; 7,6; 41456;  52236;North;Denmark
DK;2011;14,2;  1,3;13,5; 5560628; 7,7; 41593;  52833;North;Denmark
DK;2012;14,1;  0,2;14,9; 5580516; 7,7; 43663;  54409;North;Denmark
DK;2013;13,1;  0,9;14,5; 5602628; 7,2; 43310;  60312;North;Denmark
DK;2014;12,6;  1,6;13,4; 5627235; 6,8; 44426;  68388;North;Denmark
DK;2015;10,8;  2,3;15,9; 5659715; 6,3; 44625;  78492;North;Denmark
DK;2016;12,0;  2,4;14,6; 5707251; 6,3; 52654;  74383;North;Denmark
DK;2017;11,0;  2,3;NA; 5748769; 5,9; 56403;  68579;North;Denmark
DK;2018; 9,4;  1,4;NA; 5781190; 5,1;NA;NA;North;Denmark
EL;1992;NA;NA;NA;NA;NA;NA;NA;South;Greece
EL;1993;NA;NA;NA;NA;NA;NA;NA;South;Greece
EL;1994;NA;NA;NA;NA;NA;NA;NA;South;Greece
EL;1995;27,9;NA;NA;NA; 9,3;NA;NA;South;Greece
EL;1996;31,2;NA;NA;NA; 9,9;NA;NA;South;Greece
EL;1997;31,0;NA;NA;NA; 9,8;NA;NA;South;Greece
EL;1998;29,3;NA;NA;NA;11,1; 60119; 116411;South;Greece
EL;1999;31,4;NA;NA;NA;12,1; 54175;  84695;South;Greece
EL;2000;29,2;NA;NA;NA;11,5; 46993; 109251;South;Greece
EL;2001;27,9;NA;NA;NA;10,6; 45909;  98471;South;Greece
EL;2002;25,8;NA;NA;10888274;10,2; 39378;  67220;South;Greece
EL;2003;25,4;NA;NA;10915770; 9,6; 37433;  63141;South;Greece
EL;2004;26,1;NA;NA;10940369;10,5; 38041;  66871;South;Greece
EL;2005;25,8;NA;NA;10969912;10,1; 38583;  70933;South;Greece
EL;2006;25,0;NA;NA;11004716; 9,1; 38368;  63094;South;Greece
EL;2007;22,7;  3,3;NA;11036008; 8,5; 40400;  63298;South;Greece
EL;2008;21,9; -0,3; 7,4;11060937; 7,9; 43044;  66529;South;Greece
EL;2009;25,7; -4,3; 6,1;11094745; 9,8; 43686;  58613;South;Greece
EL;2010;33,0; -5,5; 5,4;11119289;12,9; 62041;  60462;South;Greece
EL;2011;44,7; -9,1; 4,4;11123392;18,1; 92404;  60089;South;Greece
EL;2012;55,3; -7,3; 5,0;11086406;24,7;124694;  58200;South;Greece
EL;2013;58,3; -3,2; 3,5;11003615;27,7;117094;  57946;South;Greece
EL;2014;52,4;  0,7; 3,3;10926807;26,7;106804;  59013;South;Greece
EL;2015;49,8; -0,4; 4,3;10858018;25,1;109351;  64446;South;Greece
EL;2016;47,3; -0,2; 3,7;10783748;23,7;106535; 116867;South;Greece
EL;2017;43,6;  1,5;NA;10768193;21,7;103327; 112247;South;Greece
EL;2018;39,9;  1,9;NA;10741165;19,5;NA;NA;South;Greece
ES;1992;NA;NA;NA;NA;NA;NA;NA;South;Spain
ES;1993;NA;NA;NA;NA;NA;NA;NA;South;Spain
ES;1994;NA;NA;NA;NA;NA;NA;NA;South;Spain
ES;1995;41,9;NA;NA;NA;22,8;NA;NA;South;Spain
ES;1996;41,8;NA;NA;NA;22,3;NA;NA;South;Spain
ES;1997;39,1;NA;NA;NA;20,8;NA;NA;South;Spain
ES;1998;35,4;NA;NA;NA;18,8;NA;  81227;South;Spain
ES;1999;29,1;NA;NA;NA;15,6;NA; 127365;South;Spain
ES;2000;25,3;NA;NA;NA;13,9;NA; 362468;South;Spain
ES;2001;20,7;NA;NA;NA;10,4;NA; 414772;South;Spain
ES;2002;21,5;NA;NA;41035278;11,2; 36605; 483260;South;Spain
ES;2003;22,3;NA;NA;41827838;11,3; 25959; 470010;South;Spain
ES;2004;22,5;NA;NA;42547451;11,1; 55092; 684561;South;Spain
ES;2005;19,6;NA;NA;43296338; 9,2; 68011; 719284;South;Spain
ES;2006;17,9;NA;NA;44009971; 8,5;142296; 840844;South;Spain
ES;2007;18,1;  3,8;NA;44784666; 8,3;227065; 958266;South;Spain
ES;2008;24,5;  1,1; 9,0;45668939;11,3;288432; 599075;South;Spain
ES;2009;37,7; -3,6; 7,2;46239273;18,0;380121; 392962;South;Spain
ES;2010;41,5;  0,0; 6,6;46486619;20,0;403377; 360705;South;Spain
ES;2011;46,2; -1,0; 6,0;46667174;21,5;409034; 371331;South;Spain
ES;2012;52,9; -2,9; 5,6;46818219;24,9;446606; 304053;South;Spain
ES;2013;55,5; -1,7; 5,0;46727890;26,2;532303; 280772;South;Spain
ES;2014;53,2;  1,4; 5,4;46512199;24,6;400430; 305454;South;Spain
ES;2015;48,3;  3,6; 5,7;46449565;22,2;343875; 342114;South;Spain
ES;2016;44,4;  3,2; 5,6;46440099;19,7;327325; 414746;South;Spain
ES;2017;38,6;  3,0;NA;46528024;17,3;368860; 532132;South;Spain
ES;2018;34,3;  2,6;NA;46658447;15,4;NA;NA;South;Spain
FI;1995;41,2;NA;NA;NA;17,2;NA;NA;North;Finland
FI;1996;41,6;NA;NA;NA;15,7;NA;NA;North;Finland
FI;1997;35,4;NA;NA;NA;15,1;NA;NA;North;Finland
FI;1998;34,6;NA;NA;NA;13,3; 10817;  14192;North;Finland
FI;1999;28,6;NA;NA;NA;11,8; 11966;  14744;North;Finland
FI;2000;28,4;NA;NA;NA;11,2; 14311;  16895;North;Finland
FI;2001;26,6;NA;NA;NA;10,4; 13153;  18955;North;Finland
FI;2002;28,2;NA;NA; 5194901;10,5; 12891;  18113;North;Finland
FI;2003;27,8;NA;NA; 5206295;10,5; 12083;  17838;North;Finland
FI;2004;27,5;NA;NA; 5219732;10,4; 13656;  20333;North;Finland
FI;2005;20,1;NA;NA; 5236611; 8,5; 12369;  21355;North;Finland
FI;2006;18,7;NA;NA; 5255580; 7,8; 12107;  22451;North;Finland
FI;2007;16,5;  5,2;NA; 5276955; 6,9; 12443;  26029;North;Finland
FI;2008;16,5;  0,7;11,1; 5300484; 6,4; 13657;  29114;North;Finland
FI;2009;21,5; -8,3; 9,1; 5326314; 8,4; 12151;  26699;North;Finland
FI;2010;21,4;  3,0; 7,9; 5351427; 8,5; 11905;  25636;North;Finland
FI;2011;20,1;  2,6; 8,7; 5375276; 7,9; 12660;  29481;North;Finland
FI;2012;19,0; -1,4; 9,3; 5401267; 7,8; 13845;  31278;North;Finland
FI;2013;19,9; -0,8; 7,6; 5426674; 8,3; 13893;  31941;North;Finland
FI;2014;20,5; -0,6; 9,6; 5451270; 8,8; 15486;  31507;North;Finland
FI;2015;22,4;  0,5;11,0; 5471753; 9,6; 16305;  28746;North;Finland
FI;2016;20,1;  2,8;11,6; 5487308; 9,0; 18082;  34905;North;Finland
FI;2017;20,1;  2,7;NA; 5503297; 8,8; 16973;  31797;North;Finland
FI;2018;17,0;  2,3;NA; 5513130; 7,5;NA;NA;North;Finland
FR;1993;NA;NA;NA;NA;NA;NA;NA;West;France
FR;1994;NA;NA;NA;NA;NA;NA;NA;West;France
FR;1995;27,1;NA;NA;NA;11,9;NA;NA;West;France
FR;1996;27,6;NA;NA;NA;12,4;NA;NA;West;France
FR;1997;28,9;NA;NA;NA;12,6;NA;NA;West;France
FR;1998;26,2;NA;NA;NA;12,1;NA;NA;West;France
FR;1999;26,3;NA;NA;NA;12,0;NA;NA;West;France
FR;2000;20,6;NA;NA;NA;10,3;NA;NA;West;France
FR;2001;18,0;NA;NA;NA; 8,6;NA;NA;West;France
FR;2002;18,9;NA;NA;61424036; 8,7;NA;NA;West;France
FR;2003;17,3;NA;NA;61864088; 8,3;NA;NA;West;France
FR;2004;19,8;NA;NA;62292241; 8,9;NA;NA;West;France
FR;2005;20,3;NA;NA;62772870; 8,5;NA;NA;West;France
FR;2006;21,3;NA;NA;63229635; 8,5;189403; 301544;West;France
FR;2007;18,8;  2,4;NA;63645065; 7,7;220354; 293980;West;France
FR;2008;18,3;  0,3;NA;64007193; 7,1;239796; 296608;West;France
FR;2009;22,9; -2,9;NA;64350226; 8,8;264631; 296970;West;France
FR;2010;22,5;  1,9;11,4;64658856; 8,9;269531; 307111;West;France
FR;2011;21,9;  2,2;12,6;64978721; 8,9;291594; 319816;West;France
FR;2012;23,7;  0,3;NA;65276983; 9,5;255922; 327431;West;France
FR;2013;24,1;  0,6;11,8;65600350;10,0;239813; 338752;West;France
FR;2014;24,2;  1,0;11,2;66165980;10,3;308103; 340383;West;France
FR;2015;24,7;  1,1;12,3;66458153;10,4;323847; 364221;West;France
FR;2016;24,6;  1,1;12,2;66638391;10,1;320705; 378115;West;France
FR;2017;22,3;  2,3;NA;66804121; 9,5;312554; 369964;West;France
FR;2018;20,8;  1,7;NA;66926166; 9,1;NA;NA;West;France
HR;2002;36,3;NA;NA; 4305494;15,4; 11767;  20365;East;Croatia
HR;2003;35,8;NA;NA; 4305384;14,3;  6534;  18455;East;Croatia
HR;2004;32,8;NA;NA; 4305725;14,1;  6812;  18383;East;Croatia
HR;2005;32,3;NA;NA; 4310861;13,0;NA;NA;East;Croatia
HR;2006;28,9;NA;NA; 4312487;11,5;  7692;  14978;East;Croatia
HR;2007;25,2;  5,3;NA; 4313530;10,1;  9002;  14622;East;Croatia
HR;2008;23,7;  2,0; 7,5; 4311967; 8,7; 10638;  16883;East;Croatia
HR;2009;25,2; -7,3; 6,6; 4309796; 9,4; 12355;  13213;East;Croatia
HR;2010;32,4; -1,5; 4,7; 4302847;11,9; 13017;   8846;East;Croatia
HR;2011;36,7; -0,3; 4,3; 4289857;14,0; 12699;   8534;East;Croatia
HR;2012;42,1; -2,3; 4,0; 4275984;16,3; 12877;   8959;East;Croatia
HR;2013;50,0; -0,5; 4,2; 4262140;17,5; 15262;  10378;East;Croatia
HR;2014;45,5; -0,1; 4,0; 4246809;17,5; 20858;  10638;East;Croatia
HR;2015;42,3;  2,4; 5,0; 4225316;16,4; 29651;  11706;East;Croatia
HR;2016;31,3;  3,5; 4,4; 4190669;13,3; 36436;  13985;East;Croatia
HR;2017;27,4;  2,9;NA; 4154213;11,3; 47352;  15553;East;Croatia
HR;2018;23,7;  2,6;NA; 4105493; 8,5;NA;NA;East;Croatia
HU;1997;16,9;NA;NA;NA; 9,0;NA;NA;Central;Hungary
HU;1998;15,2;NA;NA;NA; 8,9;  3059;  17269;Central;Hungary
HU;1999;12,3;NA;NA;NA; 7,0;  2821;  21422;Central;Hungary
HU;2000;12,3;NA;NA;NA; 6,6;  2540;  21726;Central;Hungary
HU;2001;10,7;NA;NA;NA; 5,7;  2591;  22079;Central;Hungary
HU;2002;11,4;NA;NA;10174853; 5,6;  3126;  19855;Central;Hungary
HU;2003;12,9;NA;NA;10142362; 5,8;  3122;  21327;Central;Hungary
HU;2004;14,4;NA;NA;10116742; 5,9;  3820;  24298;Central;Hungary
HU;2005;19,4;NA;NA;10097549; 7,2;  3658;  27820;Central;Hungary
HU;2006;19,1;NA;NA;10076581; 7,5;  4314;  25732;Central;Hungary
HU;2007;18,0;  0,4;NA;10066158; 7,5;  4500;  24361;Central;Hungary
HU;2008;19,5;  0,9; 4,9;10045401; 7,9;  9591;  37652;Central;Hungary
HU;2009;26,4; -6,6; 4,5;10030975;10,1; 10483;  27894;Central;Hungary
HU;2010;26,4;  0,7; 4,5;10014324;11,3; 13365;  25519;Central;Hungary
HU;2011;26,0;  1,7; 4,6; 9985722;11,1; 15100;  28018;Central;Hungary
HU;2012;28,2; -1,6; 4,5; 9931925;11,1; 22880;  33702;Central;Hungary
HU;2013;26,6;  2,1; 4,7; 9908798;10,2; 34691;  38968;Central;Hungary
HU;2014;20,4;  4,2; 5,6; 9877365; 7,8; 42213;  54581;Central;Hungary
HU;2015;17,3;  3,5; 5,8; 9855571; 6,8; 43225;  58344;Central;Hungary
HU;2016;12,9;  2,3; 5,7; 9830485; 5,1; 39889;  53618;Central;Hungary
HU;2017;10,7;  4,1;NA; 9797561; 4,2; 39829;  68070;Central;Hungary
HU;2018;10,2;  4,9;NA; 9778371; 3,7;NA;NA;Central;Hungary
IE;1992;NA;NA;NA;NA;NA;NA;NA;North;Ireland
IE;1993;NA;NA;NA;NA;NA;NA;NA;North;Ireland
IE;1994;NA;NA;NA;NA;NA;NA;NA;North;Ireland
IE;1995;19,0;NA;NA;NA;12,2;NA;NA;North;Ireland
IE;1996;18,1;NA;NA;NA;11,9;NA;NA;North;Ireland
IE;1997;15,9;NA;NA;NA;10,4;NA;NA;North;Ireland
IE;1999; 8,6;NA;NA;NA; 5,9; 27825;  51675;North;Ireland
IE;2000; 6,5;NA;NA;NA; 4,4; 26300;  57400;North;Ireland
IE;2001; 6,2;NA;NA;NA; 3,7; 25750;  64925;North;Ireland
IE;2002; 7,8;NA;NA; 3899702; 4,3; 28375;  61725;North;Ireland
IE;2003; 8,1;NA;NA; 3964191; 4,6; 27200;  58875;North;Ireland
IE;2004; 8,3;NA;NA; 4028851; 4,6; 28675;  78075;North;Ireland
IE;2005; 8,6;NA;NA; 4111672; 4,4; 34350; 102000;North;Ireland
IE;2006; 8,6;NA;NA; 4208156; 4,5; 44409; 139434;North;Ireland
IE;2007; 9,2;  5,3;NA; 4340118; 5,1; 48040; 122415;North;Ireland
IE;2008;13,5; -4,4;NA; 4457765; 6,9; 65934;  82592;North;Ireland
IE;2009;24,5; -5,0; 9,8; 4521322;12,8; 69672;  50604;North;Ireland
IE;2010;28,1;  1,9;11,9; 4549428;14,8; 78099;  52339;North;Ireland
IE;2011;29,6;  3,7; 9,4; 4570881;15,7; 83049;  57292;North;Ireland
IE;2012;30,8;  0,2;13,4; 4589287;15,8; 81797;  61324;North;Ireland
IE;2013;26,7;  1,3;NA; 4609779;14,0; 76560;  65539;North;Ireland
IE;2014;23,4;  8,8;48,3; 4637852;12,1; 71107;  73519;North;Ireland
IE;2015;20,2; 25,1;20,6; 4677627;10,1; 67160;  80792;North;Ireland
IE;2016;16,8;  5,0;10,0; 4726286; 8,6; 62056;  85185;North;Ireland
IE;2017;14,4;  7,2;NA; 4784383; 6,9; 64068;  78499;North;Ireland
IE;2018;13,8;  6,7;NA; 4830392; 5,9;NA;NA;North;Ireland
IS;1999; 4,3;NA;NA;NA; 2,1;  3663;   4785;North;Iceland
IS;2000; 4,4;NA;NA;NA; 1,9;  3489;   5203;North;Iceland
IS;2001; 5,1;NA;NA;NA; 1,9;  4034;   5002;North;Iceland
IS;2002; 6,4;NA;NA;  286575; 3,0;  4490;   4215;North;Iceland
IS;2003;12,5;NA;NA;  288471; 4,1;  3837;   3704;North;Iceland
IS;2004;12,1;NA;NA;  290570; 4,1;  4820;   5350;North;Iceland
IS;2005; 7,4;NA;NA;  293577; 2,6;  3913;   7773;North;Iceland
IS;2006; 8,3;NA;NA;  299891; 2,9;  4577;   9832;North;Iceland
IS;2007; 7,0;  9,4;NA;  307672; 2,3;  7414;  12546;North;Iceland
IS;2008; 8,2;  2,0;NA;  315459; 3,0;  9144;  10288;North;Iceland
IS;2009;15,9; -6,8;NA;  319368; 7,4;  6874;   3921;North;Iceland
IS;2010;16,2; -3,4;NA;  317630; 7,7;  5459;   3948;North;Iceland
IS;2011;14,4;  1,9;NA;  318452; 7,1;  4812;   4073;North;Iceland
IS;2012;13,5;  1,3;NA;  319575; 6,1;  4758;   4960;North;Iceland
IS;2013;10,6;  4,1;NA;  321857; 5,5;  4372;   6406;North;Iceland
IS;2014; 9,8;  2,1;NA;  325671; 5,1;  4052;   5368;North;Iceland
IS;2015; 8,8;  4,7;NA;  329100; 4,2;  4046;   5635;North;Iceland
IS;2016; 6,5;  6,6;NA;  332529; 3,1;  4159;   8710;North;Iceland
IS;2017; 7,9;  4,6;NA;  338349; 2,9;  3641;  12116;North;Iceland
IS;2018; 6,1;  4,6;NA;  348450; 2,8;NA;NA;North;Iceland
IT;1992;NA;NA;NA;NA;NA;NA;NA;South;Italy
IT;1993;NA;NA;NA;NA;NA;NA;NA;South;Italy
IT;1994;NA;NA;NA;NA;NA;NA;NA;South;Italy
IT;1995;33,5;NA;NA;NA;11,8;NA;NA;South;Italy
IT;1996;34,7;NA;NA;NA;12,0;NA;NA;South;Italy
IT;1997;34,6;NA;NA;NA;12,1;NA;NA;South;Italy
IT;1998;33,8;NA;NA;NA;12,3; 45889; 156885;South;Italy
IT;1999;32,9;NA;NA;NA;11,8; 64873; 185052;South;Italy
IT;2000;31,5;NA;NA;NA;11,0; 56601; 226968;South;Italy
IT;2001;27,8;NA;NA;NA; 9,7; 56077; 208252;South;Italy
IT;2002;27,1;NA;NA;56987507; 9,3; 41756; 213202;South;Italy
IT;2003;26,8;NA;NA;57130506; 9,0; 48706; 440301;South;Italy
IT;2004;24,4;NA;NA;57495900; 8,0; 49910; 414880;South;Italy
IT;2005;24,1;NA;NA;57874753; 7,8; 53931; 304960;South;Italy
IT;2006;21,8;NA;NA;58064214; 6,9; 58407; 279714;South;Italy
IT;2007;20,4;  1,5;NA;58223744; 6,2; 51113; 527123;South;Italy
IT;2008;21,2; -1,1; 7,9;58652875; 6,8; 80947; 534712;South;Italy
IT;2009;25,3; -5,5; 7,0;59000586; 7,9; 80597; 442940;South;Italy
IT;2010;27,9;  1,7; 8,6;59190143; 8,5; 78771; 458856;South;Italy
IT;2011;29,2;  0,6; 6,5;59364690; 8,5; 82461; 385793;South;Italy
IT;2012;35,3; -2,8; 5,9;59394207;10,8;106216; 350772;South;Italy
IT;2013;40,0; -1,7; 5,3;59685227;12,3;125735; 307454;South;Italy
IT;2014;42,7;  0,1; 5,8;60782668;12,9;136328; 277631;South;Italy
IT;2015;40,3;  0,9; 5,9;60795612;12,1;146955; 280078;South;Italy
IT;2016;37,8;  1,1; 6,0;60665551;11,9;157065; 300823;South;Italy
IT;2017;34,7;  1,7;NA;60589445;11,4;155110; 343440;South;Italy
IT;2018;32,2;  0,9;NA;60483973;10,8;NA;NA;South;Italy
LT;1998;25,2;NA;NA;NA;13,9; 24828;   2706;North;Lithuania
LT;1999;25,5;NA;NA;NA;13,6; 23418;   2679;North;Lithuania
LT;2000;28,6;NA;NA;NA;16,3; 21816;   1510;North;Lithuania
LT;2001;31,6;NA;NA;NA;17,1; 27841;   4694;North;Lithuania
LT;2002;20,4;NA;NA; 3454637;13,2; 16719;   5110;North;Lithuania
LT;2003;26,9;NA;NA; 3431497;13,0; 26283;   4728;North;Lithuania
LT;2004;20,3;NA;NA; 3398929;10,8; 37691;   5553;North;Lithuania
LT;2005;15,8;NA;NA; 3355220; 8,4; 57885;   6789;North;Lithuania
LT;2006;10,0;NA;NA; 3289835; 5,8; 32390;   7745;North;Lithuania
LT;2007; 8,4; 11,1;NA; 3249983; 4,3; 30383;   8609;North;Lithuania
LT;2008;13,3;  2,6; 5,4; 3212605; 5,9; 25750;   9297;North;Lithuania
LT;2009;29,6;-14,8; 3,4; 3183856;14,0; 38500;   6487;North;Lithuania
LT;2010;35,7;  1,6; 3,4; 3141976;18,1; 83157;   5213;North;Lithuania
LT;2011;32,6;  6,0; 4,0; 3052588;15,7; 53863;  15685;North;Lithuania
LT;2012;26,7;  3,8; 4,3; 3003641;13,6; 41100;  19843;North;Lithuania
LT;2013;21,9;  3,5; 4,5; 2971905;12,0; 38818;  22011;North;Lithuania
LT;2014;19,3;  3,5; 4,4; 2943472;10,9; 36621;  24294;North;Lithuania
LT;2015;16,3;  2,0; 4,8; 2921262; 9,3; 44533;  22130;North;Lithuania
LT;2016;14,5;  2,4; 4,8; 2888558; 8,1; 50333;  20162;North;Lithuania
LT;2017;13,3;  4,1;NA; 2847904; 7,3; 47925;  20368;North;Lithuania
LT;2018;11,1;  3,5;NA; 2808901; 6,3;NA;NA;North;Lithuania
LU;1992;NA;NA;NA;NA;NA;NA;NA;North;Luxembourg
LU;1993;NA;NA;NA;NA;NA;NA;NA;North;Luxembourg
LU;1994;NA;NA;NA;NA;NA;NA;NA;North;Luxembourg
LU;1995; 7,2;NA;NA;NA; 2,9;NA;NA;North;Luxembourg
LU;1996; 9,2;NA;NA;NA; 3,3;NA;NA;North;Luxembourg
LU;1997; 7,3;NA;NA;NA; 2,5;NA;NA;North;Luxembourg
LU;1999; 6,8;NA;NA;NA; 2,4;  8075;  12794;North;Luxembourg
LU;2000; 6,4;NA;NA;NA; 2,4;  8121;  11765;North;Luxembourg
LU;2001; 6,3;NA;NA;NA; 1,8;  8824;  12135;North;Luxembourg
LU;2002; 7,0;NA;NA;  444050; 2,6;  9452;  12101;North;Luxembourg
LU;2003;10,9;NA;NA;  448300; 3,7;  7746;  13158;North;Luxembourg
LU;2004;16,9;NA;NA;  454960; 5,1;  8480;  12872;North;Luxembourg
LU;2005;13,7;NA;NA;  461230; 4,5;  8287;  14397;North;Luxembourg
LU;2006;16,2;NA;NA;  469086; 4,7;  9001;  14352;North;Luxembourg
LU;2007;15,2;  8,4;NA;  476187; 4,1; 10674;  16675;North;Luxembourg
LU;2008;17,9; -1,3; 9,4;  483799; 5,1; 10058;  17758;North;Luxembourg
LU;2009;17,2; -4,4; 8,9;  493500; 5,2;  9168;  15751;North;Luxembourg
LU;2010;14,2;  4,9;10,3;  502066; 4,4;  9302;  16962;North;Luxembourg
LU;2011;16,8;  2,5;10,5;  511840; 4,9;  9264;  20268;North;Luxembourg
LU;2012;18,8; -0,4;11,5;  524853; 5,2; 10442;  20478;North;Luxembourg
LU;2013;15,5;  3,7;12,5;  537039; 5,9; 10750;  21098;North;Luxembourg
LU;2014;22,6;  4,3;14,2;  549680; 5,9; 11283;  22332;North;Luxembourg
LU;2015;17,3;  3,9;14,9;  562958; 6,7; 12644;  23803;North;Luxembourg
LU;2016;18,9;  2,4;12,8;  576249; 6,3; 13442;  22888;North;Luxembourg
LU;2017;15,4;  1,5;NA;  590667; 5,5; 13831;  24379;North;Luxembourg
LU;2018;14,2;  2,6;NA;  602005; 5,6;NA;NA;North;Luxembourg
LV;1998;27,0;NA;NA;NA;14,7;  8874;   3123;North;Latvia
LV;1999;23,5;NA;NA;NA;14,0;  5898;   1813;North;Latvia
LV;2000;21,3;NA;NA;NA;14,5; 22911;   6483;North;Latvia
LV;2001;24,2;NA;NA;NA;14,1; 24539;   5376;North;Latvia
LV;2002;25,3;NA;NA; 2320956;14,0; 15837;   6642;North;Latvia
LV;2003;20,4;NA;NA; 2299390;12,2; 15647;   4063;North;Latvia
LV;2004;21,8;NA;NA; 2276520;11,9; 20167;   4844;North;Latvia
LV;2005;15,1;NA;NA; 2249724;10,2; 17643;   6691;North;Latvia
LV;2006;13,6;NA;NA; 2227874; 7,2; 17019;   8212;North;Latvia
LV;2007;10,6; 10,0;NA; 2208840; 6,2; 15463;   7517;North;Latvia
LV;2008;13,6; -3,5; 8,9; 2191810; 8,0; 27045;   4678;North;Latvia
LV;2009;33,3;-14,4; 4,7; 2162834;18,0; 38208;   3731;North;Latvia
LV;2010;36,2; -3,9; 4,4; 2120504;19,8; 39651;   4011;North;Latvia
LV;2011;31,0;  6,4; 5,2; 2074605;16,5; 30311;  10234;North;Latvia
LV;2012;28,5;  4,0; 5,9; 2044813;15,3; 25163;  13303;North;Latvia
LV;2013;23,2;  2,4; 5,4; 2023825;12,1; 22561;   8299;North;Latvia
LV;2014;19,6;  1,9; 4,7; 2001468;11,1; 19017;  10365;North;Latvia
LV;2015;16,3;  3,0; 4,7; 1986096;10,1; 20119;   9479;North;Latvia
LV;2016;17,3;  2,1; 4,9; 1968957; 9,9; 20574;   8345;North;Latvia
LV;2017;17,0;  4,6;NA; 1950116; 8,9; 17724;   9916;North;Latvia
LV;2018;12,2;  4,8;NA; 1934379; 7,6;NA;NA;North;Latvia
MT;2000;11,8;NA;NA;NA; 6,4;NA;NA;South;Malta
MT;2001;17,6;NA;NA;NA; 7,2;NA;NA;South;Malta
MT;2002;15,3;NA;NA;  394641; 7,0;NA;NA;South;Malta
MT;2003;17,4;NA;NA;  397296; 7,5;NA;NA;South;Malta
MT;2004;18,3;NA;NA;  399867; 7,4;NA;NA;South;Malta
MT;2005;16,1;NA;NA;  402668; 7,0;NA;   2075;South;Malta
MT;2006;15,5;NA;NA;  404999; 6,8;  3835;   3889;South;Malta
MT;2007;13,5;  4,0;NA;  405616; 6,5;  3730;   5292;South;Malta
MT;2008;11,7;  3,3; 5,4;  407832; 6,0;  3719;   6043;South;Malta
MT;2009;14,5; -2,5; 5,1;  410926; 6,9;  3868;   6161;South;Malta
MT;2010;13,2;  3,5; 8,4;  414027; 6,9;  4201;   4275;South;Malta
MT;2011;13,3;  1,3; 4,9;  414989; 6,4;  3806;   5465;South;Malta
MT;2012;13,8;  2,8; 5,3;  417546; 6,3;  4005;   8256;South;Malta
MT;2013;12,7;  4,6; 4,7;  422509; 6,2;  4778;  10897;South;Malta
MT;2014;11,7;  8,7; 4,7;  429424; 5,8;  5108;  14454;South;Malta
MT;2015;11,6; 10,8;10,9;  439691; 5,4;  7095;  16936;South;Malta
MT;2016;10,7;  5,6;NA;  450415; 4,7;  8303;  17051;South;Malta
MT;2017;10,6;  6,8;NA;  460297; 4,1;  7020;  21676;South;Malta
MT;2018; 9,2;  6,7;NA;  475701; 3,8;NA;NA;South;Malta
NL;1996;11,4;NA;NA;NA; 6,5;NA;NA;West;Netherlands
NL;1997; 9,7;NA;NA;NA; 5,6;NA;NA;West;Netherlands
NL;1998; 8,8;NA;NA;NA; 4,4; 60441; 122407;West;Netherlands
NL;1999; 7,4;NA;NA;NA; 3,6; 59023; 119151;West;Netherlands
NL;2000; 5,3;NA;NA;NA; 2,7; 61201; 132850;West;Netherlands
NL;2001; 4,4;NA;NA;NA; 2,1; 63318; 133404;West;Netherlands
NL;2002; 4,6;NA;NA;16105285; 2,6; 66728; 121250;West;Netherlands
NL;2003; 6,6;NA;NA;16192572; 3,6; 68885; 104514;West;Netherlands
NL;2004; 8,0;NA;NA;16258032; 4,7; 75049;  94019;West;Netherlands
NL;2005;11,8;NA;NA;16305526; 5,9; 83399;  92297;West;Netherlands
NL;2006;10,0;NA;NA;16334210; 5,0; 91028; 101150;West;Netherlands
NL;2007; 9,4;  3,8;NA;16357992; 4,2; 91287; 116819;West;Netherlands
NL;2008; 8,6;  2,2;NA;16405399; 3,7; 90067; 143516;West;Netherlands
NL;2009;10,2; -3,7;10,5;16485787; 4,4; 92825; 122917;West;Netherlands
NL;2010;11,1;  1,3;10,2;16574989; 5,1; 95970; 126776;West;Netherlands
NL;2011;10,0;  1,6; 9,2;16655799; 5,0;104201; 130118;West;Netherlands
NL;2012;11,7; -1,0; 8,9;16730348; 5,9;110431; 124566;West;Netherlands
NL;2013;13,2; -0,1; 8,7;16779575; 7,3;112625; 129428;West;Netherlands
NL;2014;12,7;  1,4; 8,7;16829289; 7,5;112900; 145323;West;Netherlands
NL;2015;11,3;  2,0; 9,3;16900726; 6,9;112330; 166872;West;Netherlands
NL;2016;10,8;  2,2; 8,7;16979120; 6,1;111477; 189232;West;Netherlands
NL;2017; 8,9;  2,9;NA;17081507; 4,9;108231; 189646;West;Netherlands
NL;2018; 7,2;  2,7;NA;17181084; 3,8;NA;NA;West;Netherlands
NO;1996;15,3;NA;NA;NA; 5,1;NA;NA;North;Norway
NO;1997;14,9;NA;NA;NA; 4,8;NA;NA;North;Norway
NO;1998;12,9;NA;NA;NA; 3,8; 22881;  36704;North;Norway
NO;1999;12,3;NA;NA;NA; 3,3; 22842;  41841;North;Norway
NO;2000;11,1;NA;NA;NA; 3,5; 26854;  36542;North;Norway
NO;2001;12,2;NA;NA;NA; 3,7; 26309;  34264;North;Norway
NO;2002;13,0;NA;NA; 4524066; 4,1; 22948;  40122;North;Norway
NO;2003;11,9;NA;NA; 4552252; 4,3; 24672;  35957;North;Norway
NO;2004;12,8;NA;NA; 4577457; 4,3; 23271;  36482;North;Norway
NO;2005;11,5;NA;NA; 4606363; 4,4; 21709;  40148;North;Norway
NO;2006; 8,7;NA;NA; 4640219; 3,4; 22053;  45776;North;Norway
NO;2007; 7,4;  3,0;NA; 4681134; 2,5; 22122;  61774;North;Norway
NO;2008; 7,5;  0,5;NA; 4737171; 2,6; 12976;  58123;North;Norway
NO;2009; 9,2; -1,7;21,6; 4799252; 3,2; 17072;  55953;North;Norway
NO;2010; 9,3;  0,7;21,7; 4858199; 3,6; 25835;  69214;North;Norway
NO;2011; 8,7;  1,0;21,8; 4920305; 3,3; 20349;  70337;North;Norway
NO;2012; 8,5;  2,7;33,8; 4985870; 3,2; 22693;  69908;North;Norway
NO;2013; 9,1;  1,0;29,9; 5051275; 3,5; 26523;  68313;North;Norway
NO;2014; 7,9;  2,0;28,0; 5107970; 3,6; 29308;  66903;North;Norway
NO;2015; 9,9;  2,0;25,8; 5166493; 4,4; 29173;  60816;North;Norway
NO;2016;11,2;  1,2;25,5; 5210721; 4,8; 34694;  61460;North;Norway
NO;2017;10,4;  2,0;NA; 5258317; 4,3; 31963;  53351;North;Norway
NO;2018; 9,7;  1,4;NA; 5295619; 3,9;NA;NA;North;Norway
PL;1997;22,8;NA;NA;NA;11,2;NA;NA;Central;Poland
PL;1998;21,3;NA;NA;NA;10,2; 22177;   8916;Central;Poland
PL;1999;29,6;NA;NA;NA;12,6; 21536;   7525;Central;Poland
PL;2000;35,7;NA;NA;NA;16,6; 26999;   7331;Central;Poland
PL;2001;39,2;NA;NA;NA;18,7; 23368;   6625;Central;Poland
PL;2002;41,6;NA;NA;38242197;20,2; 24532;   6587;Central;Poland
PL;2003;41,4;NA;NA;38218531;19,7; 20813;   7048;Central;Poland
PL;2004;40,1;NA;NA;38190608;19,4; 18877;   9495;Central;Poland
PL;2005;36,9;NA;NA;38173835;18,0; 22242;   9364;Central;Poland
PL;2006;29,8;NA;NA;38157055;14,0; 46936;  10802;Central;Poland
PL;2007;21,7;  7,0;NA;38125479; 9,7; 35480;  14995;Central;Poland
PL;2008;17,3;  4,2;NA;38115641; 7,2; 30140;  15275;Central;Poland
PL;2009;20,6;  2,8; 3,9;38135876; 8,3;229320; 189166;Central;Poland
PL;2010;23,7;  3,6; 4,1;38022869; 9,7;218126; 155131;Central;Poland
PL;2011;25,8;  5,0; 4,5;38062718; 9,8;265798; 157059;Central;Poland
PL;2012;26,5;  1,6; 4,3;38063792;10,2;275603; 217546;Central;Poland
PL;2013;27,3;  1,4;NA;38062535;10,5;276446; 220311;Central;Poland
PL;2014;23,9;  3,3; 5,1;38017856; 9,1;268299; 222275;Central;Poland
PL;2015;20,8;  3,8; 5,5;38005614; 7,6;258837; 218147;Central;Poland
PL;2016;17,7;  3,1; 4,7;37967209; 6,2;236441; 208302;Central;Poland
PL;2017;14,8;  4,8;NA;37972964; 5,0;218492; 209353;Central;Poland
PL;2018;11,7;  5,1;NA;37976687; 3,9;NA;NA;Central;Poland
PT;1992;NA;NA;NA;NA;NA;NA;NA;South;Portugal
PT;1993;NA;NA;NA;NA;NA;NA;NA;South;Portugal
PT;1994;NA;NA;NA;NA;NA;NA;NA;South;Portugal
PT;1995;16,0;NA;NA;NA; 7,4;NA;NA;South;Portugal
PT;1996;17,0;NA;NA;NA; 7,7;NA;NA;South;Portugal
PT;1997;14,1;NA;NA;NA; 6,9;NA;NA;South;Portugal
PT;1998; 9,5;NA;NA;NA; 4,9; 11098;  56788;South;Portugal
PT;1999; 9,2;NA;NA;NA; 4,8; 14040;  68297;South;Portugal
PT;2000; 8,3;NA;NA;NA; 4,0; 10667;  77775;South;Portugal
PT;2001; 9,0;NA;NA;NA; 4,1;  5396;  61609;South;Portugal
PT;2002;10,5;NA;NA;10394669; 4,8;  8813;  50611;South;Portugal
PT;2003;13,5;NA;NA;10444592; 6,5;  6687;  31425;South;Portugal
PT;2004;14,1;NA;NA;10473050; 6,7;  6757;  21093;South;Portugal
PT;2005;16,2;NA;NA;10494672; 8,0;  6360;  21741;South;Portugal
PT;2006;16,5;NA;NA;10511988; 8,1;  5600;  22741;South;Portugal
PT;2007;16,7;  2,5;NA;10532588; 8,5;  7890;  29661;South;Portugal
PT;2008;16,7;  0,2; 7,4;10553339; 8,0; 20357;  29718;South;Portugal
PT;2009;20,3; -3,0; 6,3;10563014;10,0; 16899;  32307;South;Portugal
PT;2010;22,8;  1,9; 5,7;10573479;11,4; 23760;  27575;South;Portugal
PT;2011;30,3; -1,8; 4,8;10572721;13,3; 43998;  19667;South;Portugal
PT;2012;37,9; -4,0; 4,0;10542398;16,3; 51958;  14606;South;Portugal
PT;2013;38,1; -1,1; 4,3;10487289;17,0; 53786;  17554;South;Portugal
PT;2014;34,8;  0,9; 4,8;10427301;14,5; 49572;  19516;South;Portugal
PT;2015;32,0;  1,8; 5,2;10374822;12,9; 40377;  29896;South;Portugal
PT;2016;28,0;  1,9; 5,5;10341330;11,5; 38273;  29925;South;Portugal
PT;2017;23,9;  2,8;NA;10309573; 9,2; 31753;  36639;South;Portugal
PT;2018;20,3;  2,1;NA;10291027; 7,3;NA;NA;South;Portugal
RO;1997;17,4;NA;NA;NA; 6,0;NA;NA;East;Romania
RO;1998;16,8;NA;NA;NA; 6,2;NA;NA;East;Romania
RO;1999;17,3;NA;NA;NA; 6,9;NA;NA;East;Romania
RO;2000;17,8;NA;NA;NA; 7,7;NA;NA;East;Romania
RO;2001;17,6;NA;NA;NA; 7,3;NA;NA;East;Romania
RO;2002;22,2;NA;NA;21833483; 8,8;NA;NA;East;Romania
RO;2003;19,5;NA;NA;21627509; 7,4;NA;NA;East;Romania
RO;2004;22,3;NA;NA;21521142; 8,1;NA;NA;East;Romania
RO;2005;20,2;NA;NA;21382354; 7,5;NA;NA;East;Romania
RO;2006;21,4;NA;NA;21257016; 7,6;NA;NA;East;Romania
RO;2007;20,1;  7,2;NA;21130503; 6,8;NA;NA;East;Romania
RO;2008;18,6;  9,3; 8,7;20635460; 6,1;302796; 138929;East;Romania
RO;2009;20,8; -5,5; 5,9;20440290; 7,2;246626; 135844;East;Romania
RO;2010;22,1; -3,9; 5,8;20294683; 7,3;197985; 149885;East;Romania
RO;2011;23,9;  2,0; 8,7;20199059; 7,5;195551; 147685;East;Romania
RO;2012;22,6;  2,1; 7,0;20095996; 7,1;170186; 167266;East;Romania
RO;2013;23,7;  3,5; 6,4;20020074; 7,4;161755; 153646;East;Romania
RO;2014;24,0;  3,4; 6,1;19947311; 7,1;172871; 136035;East;Romania
RO;2015;21,7;  3,9; 7,5;19870647; 7,0;194718; 132795;East;Romania
RO;2016;20,6;  4,8; 6,6;19760585; 6,1;207578; 137455;East;Romania
RO;2017;18,3;  7,0;NA;19644350; 5,1;242193; 177435;East;Romania
RO;2018;16,2;  4,1;NA;19530631; 4,3;NA;NA;East;Romania
SE;1995;19,6;NA;NA;NA; 9,0;NA;NA;North;Sweden
SE;1996;21,5;NA;NA;NA; 9,7;NA;NA;North;Sweden
SE;1997;21,9;NA;NA;NA;10,5;NA;NA;North;Sweden
SE;1998;17,5;NA;NA;NA; 9,1; 38518;  49391;North;Sweden
SE;1999;16,3;NA;NA;NA; 7,7; 35705;  49839;North;Sweden
SE;2000; 9,5;NA;NA;NA; 5,5; 34091;  58659;North;Sweden
SE;2001;11,7;NA;NA;NA; 4,8; 32141;  60795;North;Sweden
SE;2002;12,9;NA;NA; 8909128; 5,0; 33009;  64087;North;Sweden
SE;2003;14,3;NA;NA; 8940788; 5,6; 35023;  63795;North;Sweden
SE;2004;18,5;NA;NA; 8975670; 6,8; 36586;  62028;North;Sweden
SE;2005;22,8;NA;NA; 9011392; 7,9; 38118;  65229;North;Sweden
SE;2006;21,5;NA;NA; 9047752; 7,1; 44908;  95750;North;Sweden
SE;2007;19,3;  3,4;NA; 9113257; 6,2; 45418;  99485;North;Sweden
SE;2008;20,2; -0,6;13,6; 9182927; 6,3; 45294; 101171;North;Sweden
SE;2009;25,0; -5,2;11,5; 9256347; 8,5; 39240; 102280;North;Sweden
SE;2010;24,8;  6,0;12,2; 9340682; 8,8; 48853;  98801;North;Sweden
SE;2011;22,8;  2,7;12,7; 9415570; 8,0; 51179;  96467;North;Sweden
SE;2012;23,6; -0,3;13,7; 9482855; 8,1; 51747; 103059;North;Sweden
SE;2013;23,5;  1,2;14,3; 9555893; 8,2; 50715; 115845;North;Sweden
SE;2014;22,9;  2,6;13,9; 9644864; 8,1; 51237; 126966;North;Sweden
SE;2015;20,4;  4,5;14,8; 9747355; 7,6; 55830; 134240;North;Sweden
SE;2016;18,9;  2,7;14,2; 9851017; 7,1; 45878; 163005;North;Sweden
SE;2017;17,9;  2,1;NA; 9995153; 6,9; 45620; 144489;North;Sweden
SE;2018;16,8;  2,4;NA;10120242; 6,5;NA;NA;North;Sweden
SI;1996;16,6;NA;NA;NA; 6,9;NA;NA;Central;Slovenia
SI;1997;16,3;NA;NA;NA; 6,8;NA;NA;Central;Slovenia
SI;1998;17,6;NA;NA;NA; 7,6;  6708;   4603;Central;Slovenia
SI;1999;18,5;NA;NA;NA; 7,5;  2606;   4941;Central;Slovenia
SI;2000;16,4;NA;NA;NA; 7,1;  3570;   6185;Central;Slovenia
SI;2001;15,7;NA;NA;NA; 5,8;  4811;   7803;Central;Slovenia
SI;2002;14,8;NA;NA; 1994026; 6,1;  7269;   9134;Central;Slovenia
SI;2003;15,3;NA;NA; 1995033; 6,6;  5867;   9279;Central;Slovenia
SI;2004;14,0;NA;NA; 1996433; 6,1;  8269;  10171;Central;Slovenia
SI;2005;15,9;NA;NA; 1997590; 6,7;  8605;  15041;Central;Slovenia
SI;2006;13,9;NA;NA; 2003358; 6,1; 13749;  20016;Central;Slovenia
SI;2007;10,1;  6,9;NA; 2010377; 5,0; 14943;  29193;Central;Slovenia
SI;2008;10,4;  3,3;10,7; 2010269; 4,5; 12109;  30693;Central;Slovenia
SI;2009;13,6; -7,8; 7,8; 2032362; 6,0; 18788;  30296;Central;Slovenia
SI;2010;14,7;  1,2; 6,7; 2046976; 7,4; 15937;  15416;Central;Slovenia
SI;2011;15,7;  0,6; 6,7; 2050189; 8,3; 12024;  14083;Central;Slovenia
SI;2012;20,6; -2,7; 6,4; 2055496; 9,0; 14378;  15022;Central;Slovenia
SI;2013;21,6; -1,1; 6,0; 2058821;10,3; 13384;  13871;Central;Slovenia
SI;2014;20,2;  3,0; 6,2; 2061085; 9,9; 14336;  13846;Central;Slovenia
SI;2015;16,3;  2,3; 5,9; 2062874; 9,1; 14913;  15420;Central;Slovenia
SI;2016;15,2;  3,1; 6,5; 2064188; 8,1; 15572;  16623;Central;Slovenia
SI;2017;11,2;  4,9;NA; 2065895; 6,7; 17555;  18808;Central;Slovenia
SI;2018; 8,8;  4,5;NA; 2066880; 5,2;NA;NA;Central;Slovenia
SK;1998;23,2;NA;NA;NA;12,2;   746;   2052;Central;Slovakia
SK;1999;32,0;NA;NA;NA;16,0;   618;   2072;Central;Slovakia
SK;2000;36,9;NA;NA;NA;19,1;   811;   2274;Central;Slovakia
SK;2001;38,9;NA;NA;NA;19,4;  1011;   2023;Central;Slovakia
SK;2002;37,7;NA;NA; 5378951;18,7;  1411;   2312;Central;Slovakia
SK;2003;32,9;NA;NA; 5374873;17,2;  1194;   2603;Central;Slovakia
SK;2004;32,8;NA;NA; 5371875;18,6;  1586;   4460;Central;Slovakia
SK;2005;30,1;NA;NA; 5372685;16,3;  1873;   5276;Central;Slovakia
SK;2006;26,6;NA;NA; 5372928;13,4;  1735;   5589;Central;Slovakia
SK;2007;20,3; 10,8;NA; 5373180;11,2;  1831;   8624;Central;Slovakia
SK;2008;19,0;  5,6; 9,5; 5376064; 9,5;  1705;   8765;Central;Slovakia
SK;2009;27,3; -5,4; 7,7; 5382401;12,1;  1979;   6346;Central;Slovakia
SK;2010;33,6;  5,0; 6,5; 5390410;14,4;  1889;   5272;Central;Slovakia
SK;2011;33,4;  2,8; 5,9; 5392446;13,7;  1863;   4829;Central;Slovakia
SK;2012;34,0;  1,7; 6,2; 5404322;14,0;  2003;   5419;Central;Slovakia
SK;2013;33,7;  1,5; 8,0; 5410836;14,3;  2770;   5149;Central;Slovakia
SK;2014;29,7;  2,8; 6,9; 5415949;13,2;  3644;   5357;Central;Slovakia
SK;2015;26,5;  4,2; 6,8; 5421349;11,5;  3870;   6997;Central;Slovakia
SK;2016;22,2;  3,1; 6,5; 5426252; 9,7;  3801;   7686;Central;Slovakia
SK;2017;18,9;  3,2;NA; 5435343; 8,2;  3466;   7188;Central;Slovakia
SK;2018;14,9;  4,1;NA; 5443120; 6,6;NA;NA;Central;Slovakia
UK;1992;NA;NA;NA;NA;NA;NA;NA;North;UK
UK;1993;NA;NA;NA;NA;NA;NA;NA;North;UK
UK;1994;NA;NA;NA;NA;NA;NA;NA;North;UK
UK;1995;15,5;NA;NA;NA; 8,8;NA;NA;North;UK
UK;1996;14,9;NA;NA;NA; 8,3;NA;NA;North;UK
UK;1997;13,6;NA;NA;NA; 7,1;NA;NA;North;UK
UK;1999;12,4;NA;NA;NA; 6,1;245340; 354077;North;UK
UK;2000;12,0;NA;NA;NA; 5,6;277563; 364367;North;UK
UK;2001;10,3;NA;NA;NA; 4,7;251369; 372206;North;UK
UK;2002;10,9;NA;NA;59239564; 5,1;305931; 385901;North;UK
UK;2003;11,4;NA;NA;59501394; 4,9;313960; 431487;North;UK
UK;2004;10,7;NA;NA;59793759; 4,6;310389; 518097;North;UK
UK;2005;12,7;NA;NA;60182050; 4,8;328408;NA;North;UK
UK;2006;13,9;NA;NA;60620361; 5,4;369470; 529008;North;UK
UK;2007;14,3;  2,5;NA;61073279; 5,3;317587; 526714;North;UK
UK;2008;15,0; -0,3; 8,1;61571647; 5,7;427207; 590242;North;UK
UK;2009;19,1; -4,2; 6,1;62042343; 7,7;368177; 566514;North;UK
UK;2010;19,9;  1,7; 6,5;62510197; 7,9;339306; 590950;North;UK
UK;2011;21,3;  1,6; 8,0;63022532; 8,2;350703; 566044;North;UK
UK;2012;21,2;  1,4; 9,3;63495088; 8,1;321217; 498040;North;UK
UK;2013;20,7;  2,0; 8,8;63905342; 7,7;316934; 526046;North;UK
UK;2014;17,0;  2,9;10,8;64351203; 6,3;319086; 631991;North;UK
UK;2015;14,6;  2,3;12,1;64853393; 5,4;299183; 631452;North;UK
UK;2016;13,0;  1,8;11,1;65379044; 4,9;340440; 588993;North;UK
UK;2017;12,1;  1,8;NA;65844142; 4,4;359665; 644209;North;UK
UK;2018;11,3;  1,4;NA;66273576; 4,1;NA;NA;North;UK
DE;1998; 9,8;NA;NA;NA; 9,9;755358; 802456;Central;Germany
IE;1998;11,4;NA;NA;NA; 7,8; 30775;  48175;North;Ireland
LU;1998; 6,4;NA;NA;NA; 2,8;  7574;  11630;North;Luxembourg
NL;1995;12,1;NA;NA;NA; 7,2;NA;NA;West;Netherlands
NO;1995;19,1;NA;NA;NA; 6,4;NA;NA;North;Norway
UK;1998;12,5;NA;NA;NA; 6,3;198934; 332390;North;UK
CZ;1997; 7,0;NA;NA;NA; 4,3;NA;NA;Central;Czech Republic
HU;1996;19,4;NA;NA;NA;10,0;NA;NA;Central;Hungary
IS;1995;12,2;NA;NA;NA; 5,4;NA;NA;North;Iceland
IS;1996; 8,7;NA;NA;NA; 3,7;NA;NA;North;Iceland
IS;1997; 8,1;NA;NA;NA; 3,8;NA;NA;North;Iceland
IS;1998; 7,0;NA;NA;NA; 3,1;  3682;   4562;North;Iceland
BE;1983;NA;NA;NA;NA;NA;NA;NA;West;Belgium
BE;1984;NA;NA;NA;NA;NA;NA;NA;West;Belgium
BE;1985;NA;NA;NA;NA;NA;NA;NA;West;Belgium
BE;1986;NA;NA;NA;NA;NA;NA;NA;West;Belgium
BE;1987;NA;NA;NA;NA;NA;NA;NA;West;Belgium
BE;1988;NA;NA;NA;NA;NA;NA;NA;West;Belgium
BE;1989;NA;NA;NA;NA;NA;NA;NA;West;Belgium
BE;1990;NA;NA;NA;NA;NA;NA;NA;West;Belgium
BE;1991;NA;NA;NA;NA;NA;NA;NA;West;Belgium
DE;1983;NA;NA;NA;NA;NA;NA;NA;Central;Germany
DE;1984;NA;NA;NA;NA;NA;NA;NA;Central;Germany
DE;1985;NA;NA;NA;NA;NA;NA;NA;Central;Germany
DE;1986;NA;NA;NA;NA;NA;NA;NA;Central;Germany
DE;1987;NA;NA;NA;NA;NA;NA;NA;Central;Germany
DE;1988;NA;NA;NA;NA;NA;NA;NA;Central;Germany
DE;1989;NA;NA;NA;NA;NA;NA;NA;Central;Germany
DE;1990;NA;NA;NA;NA;NA;NA;NA;Central;Germany
DE;1991;NA;NA;NA;NA;NA;NA;NA;Central;Germany
DK;1983;NA;NA;NA;NA;NA;NA;NA;North;Denmark
DK;1984;NA;NA;NA;NA;NA;NA;NA;North;Denmark
DK;1985;NA;NA;NA;NA;NA;NA;NA;North;Denmark
DK;1986;NA;NA;NA;NA;NA;NA;NA;North;Denmark
DK;1987;NA;NA;NA;NA;NA;NA;NA;North;Denmark
DK;1988;NA;NA;NA;NA;NA;NA;NA;North;Denmark
DK;1989;NA;NA;NA;NA;NA;NA;NA;North;Denmark
DK;1990;NA;NA;NA;NA;NA;NA;NA;North;Denmark
DK;1991;NA;NA;NA;NA;NA;NA;NA;North;Denmark
EL;1983;NA;NA;NA;NA;NA;NA;NA;South;Greece
EL;1984;NA;NA;NA;NA;NA;NA;NA;South;Greece
EL;1985;NA;NA;NA;NA;NA;NA;NA;South;Greece
EL;1986;NA;NA;NA;NA;NA;NA;NA;South;Greece
EL;1987;NA;NA;NA;NA;NA;NA;NA;South;Greece
EL;1988;NA;NA;NA;NA;NA;NA;NA;South;Greece
EL;1989;NA;NA;NA;NA;NA;NA;NA;South;Greece
EL;1990;NA;NA;NA;NA;NA;NA;NA;South;Greece
EL;1991;NA;NA;NA;NA;NA;NA;NA;South;Greece
ES;1986;NA;NA;NA;NA;NA;NA;NA;South;Spain
ES;1987;NA;NA;NA;NA;NA;NA;NA;South;Spain
ES;1988;NA;NA;NA;NA;NA;NA;NA;South;Spain
ES;1989;NA;NA;NA;NA;NA;NA;NA;South;Spain
ES;1990;NA;NA;NA;NA;NA;NA;NA;South;Spain
ES;1991;NA;NA;NA;NA;NA;NA;NA;South;Spain
FR;1983;NA;NA;NA;NA;NA;NA;NA;West;France
FR;1984;NA;NA;NA;NA;NA;NA;NA;West;France
FR;1985;NA;NA;NA;NA;NA;NA;NA;West;France
FR;1986;NA;NA;NA;NA;NA;NA;NA;West;France
FR;1987;NA;NA;NA;NA;NA;NA;NA;West;France
FR;1988;NA;NA;NA;NA;NA;NA;NA;West;France
FR;1989;NA;NA;NA;NA;NA;NA;NA;West;France
FR;1990;NA;NA;NA;NA;NA;NA;NA;West;France
FR;1991;NA;NA;NA;NA;NA;NA;NA;West;France
FR;1992;NA;NA;NA;NA;NA;NA;NA;West;France
IE;1983;NA;NA;NA;NA;NA;NA;NA;North;Ireland
IE;1984;NA;NA;NA;NA;NA;NA;NA;North;Ireland
IE;1985;NA;NA;NA;NA;NA;NA;NA;North;Ireland
IE;1986;NA;NA;NA;NA;NA;NA;NA;North;Ireland
IE;1987;NA;NA;NA;NA;NA;NA;NA;North;Ireland
IE;1988;NA;NA;NA;NA;NA;NA;NA;North;Ireland
IE;1989;NA;NA;NA;NA;NA;NA;NA;North;Ireland
IE;1990;NA;NA;NA;NA;NA;NA;NA;North;Ireland
IE;1991;NA;NA;NA;NA;NA;NA;NA;North;Ireland
IT;1983;NA;NA;NA;NA;NA;NA;NA;South;Italy
IT;1984;NA;NA;NA;NA;NA;NA;NA;South;Italy
IT;1985;NA;NA;NA;NA;NA;NA;NA;South;Italy
IT;1986;NA;NA;NA;NA;NA;NA;NA;South;Italy
IT;1987;NA;NA;NA;NA;NA;NA;NA;South;Italy
IT;1988;NA;NA;NA;NA;NA;NA;NA;South;Italy
IT;1989;NA;NA;NA;NA;NA;NA;NA;South;Italy
IT;1990;NA;NA;NA;NA;NA;NA;NA;South;Italy
IT;1991;NA;NA;NA;NA;NA;NA;NA;South;Italy
LU;1983;NA;NA;NA;NA;NA;NA;NA;North;Luxembourg
LU;1984;NA;NA;NA;NA;NA;NA;NA;North;Luxembourg
LU;1985;NA;NA;NA;NA;NA;NA;NA;North;Luxembourg
LU;1986;NA;NA;NA;NA;NA;NA;NA;North;Luxembourg
LU;1987;NA;NA;NA;NA;NA;NA;NA;North;Luxembourg
LU;1988;NA;NA;NA;NA;NA;NA;NA;North;Luxembourg
LU;1989;NA;NA;NA;NA;NA;NA;NA;North;Luxembourg
LU;1990;NA;NA;NA;NA;NA;NA;NA;North;Luxembourg
LU;1991;NA;NA;NA;NA;NA;NA;NA;North;Luxembourg
NL;1983;NA;NA;NA;NA;NA;NA;NA;West;Netherlands
NL;1985;NA;NA;NA;NA;NA;NA;NA;West;Netherlands
NL;1987;NA;NA;NA;NA;NA;NA;NA;West;Netherlands
NL;1988;NA;NA;NA;NA;NA;NA;NA;West;Netherlands
NL;1989;NA;NA;NA;NA;NA;NA;NA;West;Netherlands
NL;1990;NA;NA;NA;NA;NA;NA;NA;West;Netherlands
NL;1991;NA;NA;NA;NA;NA;NA;NA;West;Netherlands
NL;1992;NA;NA;NA;NA;NA;NA;NA;West;Netherlands
NL;1993;NA;NA;NA;NA;NA;NA;NA;West;Netherlands
NL;1994;NA;NA;NA;NA;NA;NA;NA;West;Netherlands
PT;1986;NA;NA;NA;NA;NA;NA;NA;South;Portugal
PT;1987;NA;NA;NA;NA;NA;NA;NA;South;Portugal
PT;1988;NA;NA;NA;NA;NA;NA;NA;South;Portugal
PT;1989;NA;NA;NA;NA;NA;NA;NA;South;Portugal
PT;1990;NA;NA;NA;NA;NA;NA;NA;South;Portugal
PT;1991;NA;NA;NA;NA;NA;NA;NA;South;Portugal
UK;1983;NA;NA;NA;NA;NA;NA;NA;North;UK
UK;1984;NA;NA;NA;NA;NA;NA;NA;North;UK
UK;1985;NA;NA;NA;NA;NA;NA;NA;North;UK
UK;1986;NA;NA;NA;NA;NA;NA;NA;North;UK
UK;1987;NA;NA;NA;NA;NA;NA;NA;North;UK
UK;1988;NA;NA;NA;NA;NA;NA;NA;North;UK
UK;1989;NA;NA;NA;NA;NA;NA;NA;North;UK
UK;1990;NA;NA;NA;NA;NA;NA;NA;North;UK
UK;1991;NA;NA;NA;NA;NA;NA;NA;North;UK
CY;1997;NA;NA;NA;NA;NA;NA;NA;South;Cyprus
CY;1998;NA;NA;NA;NA;NA;NA;   8801;South;Cyprus
LT;1997;NA;NA;NA;NA;NA;NA;NA;North;Lithuania
LV;1997;NA;NA;NA;NA;NA;NA;NA;North;Latvia
MT;1997;NA;NA;NA;NA;NA;NA;NA;South;Malta
MT;1998;NA;NA;NA;NA;NA;NA;NA;South;Malta
MT;1999;NA;NA;NA;NA;NA;NA;NA;South;Malta
SK;1997;NA;NA;NA;NA;NA;NA;NA;Central;Slovakia
BE;2019;NA;NA;NA;NA;NA;NA;NA;West;Belgium
BG;2019;NA;NA;NA;NA;NA;NA;NA;East;Bulgaria
CZ;2019;NA;NA;NA;NA;NA;NA;NA;Central;Czech Republic
DE;2019;NA;NA;NA;NA;NA;NA;NA;Central;Germany
EL;2019;NA;NA;NA;NA;NA;NA;NA;South;Greece
ES;2019;NA;NA;NA;NA;NA;NA;NA;South;Spain
FR;2019;NA;NA;NA;NA;NA;NA;NA;West;France
HR;2019;NA;NA;NA;NA;NA;NA;NA;East;Croatia
HU;2019;NA;NA;NA;NA;NA;NA;NA;Central;Hungary
IE;2019;NA;NA;NA;NA;NA;NA;NA;North;Ireland
LT;2019;NA;NA;NA;NA;NA;NA;NA;North;Lithuania
LU;2019;NA;NA;NA;NA;NA;NA;NA;North;Luxembourg
LV;2019;NA;NA;NA;NA;NA;NA;NA;North;Latvia
MT;2019;NA;NA;NA;NA;NA;NA;NA;South;Malta
NL;2019;NA;NA;NA;NA;NA;NA;NA;West;Netherlands
PL;2019;NA;NA;NA;NA;NA;NA;NA;Central;Poland
PT;2019;NA;NA;NA;NA;NA;NA;NA;South;Portugal
RO;2019;NA;NA;NA;NA;NA;NA;NA;East;Romania
SI;2019;NA;NA;NA;NA;NA;NA;NA;Central;Slovenia
SK;2019;NA;NA;NA;NA;NA;NA;NA;Central;Slovakia
UK;2019;NA;NA;NA;NA;NA;NA;NA;North;UK
HR;2001;NA;NA;NA;NA;NA;  7488;  24415;East;Croatia
HR;2000;NA;NA;NA;NA;NA;NA;NA;East;Croatia
BG;1999;NA;NA;NA;NA;NA;NA;NA;East;Bulgaria
HR;1999;NA;NA;NA;NA;NA; 14285;  32910;East;Croatia
BG;1996;NA;NA;NA;NA;NA;NA;NA;East;Bulgaria
BG;1997;NA;NA;NA;NA;NA;NA;NA;East;Bulgaria
BG;1998;NA;NA;NA;NA;NA;NA;NA;East;Bulgaria
CY;1996;NA;NA;NA;NA;NA;NA;NA;South;Cyprus
CZ;1996;NA;NA;NA;NA;NA;NA;NA;Central;Czech Republic
DK;1975;NA;NA;NA;NA;NA;NA;NA;North;Denmark
DK;1976;NA;NA;NA;NA;NA;NA;NA;North;Denmark
DK;1977;NA;NA;NA;NA;NA;NA;NA;North;Denmark
DK;1978;NA;NA;NA;NA;NA;NA;NA;North;Denmark
DK;1979;NA;NA;NA;NA;NA;NA;NA;North;Denmark
DK;1980;NA;NA;NA;NA;NA;NA;NA;North;Denmark
DK;1981;NA;NA;NA;NA;NA;NA;NA;North;Denmark
DK;1982;NA;NA;NA;NA;NA;NA;NA;North;Denmark
FI;1981;NA;NA;NA;NA;NA;NA;NA;North;Finland
FI;1982;NA;NA;NA;NA;NA;NA;NA;North;Finland
FI;1983;NA;NA;NA;NA;NA;NA;NA;North;Finland
FI;1984;NA;NA;NA;NA;NA;NA;NA;North;Finland
FI;1985;NA;NA;NA;NA;NA;NA;NA;North;Finland
FI;1986;NA;NA;NA;NA;NA;NA;NA;North;Finland
FI;1987;NA;NA;NA;NA;NA;NA;NA;North;Finland
FI;1988;NA;NA;NA;NA;NA;NA;NA;North;Finland
FI;1989;NA;NA;NA;NA;NA;NA;NA;North;Finland
FI;1990;NA;NA;NA;NA;NA;NA;NA;North;Finland
FI;1991;NA;NA;NA;NA;NA;NA;NA;North;Finland
FI;1992;NA;NA;NA;NA;NA;NA;NA;North;Finland
FI;1993;NA;NA;NA;NA;NA;NA;NA;North;Finland
FI;1994;NA;NA;NA;NA;NA;NA;NA;North;Finland
FR;1975;NA;NA;NA;NA;NA;NA;NA;West;France
FR;1976;NA;NA;NA;NA;NA;NA;NA;West;France
FR;1977;NA;NA;NA;NA;NA;NA;NA;West;France
FR;1978;NA;NA;NA;NA;NA;NA;NA;West;France
FR;1979;NA;NA;NA;NA;NA;NA;NA;West;France
FR;1980;NA;NA;NA;NA;NA;NA;NA;West;France
FR;1981;NA;NA;NA;NA;NA;NA;NA;West;France
FR;1982;NA;NA;NA;NA;NA;NA;NA;West;France
LT;1996;NA;NA;NA;NA;NA;NA;NA;North;Lithuania
LV;1996;NA;NA;NA;NA;NA;NA;NA;North;Latvia
NO;1975;NA;NA;NA;NA;NA;NA;NA;North;Norway
NO;1976;NA;NA;NA;NA;NA;NA;NA;North;Norway
NO;1977;NA;NA;NA;NA;NA;NA;NA;North;Norway
NO;1978;NA;NA;NA;NA;NA;NA;NA;North;Norway
NO;1979;NA;NA;NA;NA;NA;NA;NA;North;Norway
NO;1980;NA;NA;NA;NA;NA;NA;NA;North;Norway
NO;1981;NA;NA;NA;NA;NA;NA;NA;North;Norway
NO;1982;NA;NA;NA;NA;NA;NA;NA;North;Norway
NO;1983;NA;NA;NA;NA;NA;NA;NA;North;Norway
NO;1984;NA;NA;NA;NA;NA;NA;NA;North;Norway
NO;1985;NA;NA;NA;NA;NA;NA;NA;North;Norway
NO;1986;NA;NA;NA;NA;NA;NA;NA;North;Norway
NO;1987;NA;NA;NA;NA;NA;NA;NA;North;Norway
NO;1988;NA;NA;NA;NA;NA;NA;NA;North;Norway
NO;1989;NA;NA;NA;NA;NA;NA;NA;North;Norway
NO;1990;NA;NA;NA;NA;NA;NA;NA;North;Norway
NO;1991;NA;NA;NA;NA;NA;NA;NA;North;Norway
NO;1992;NA;NA;NA;NA;NA;NA;NA;North;Norway
NO;1993;NA;NA;NA;NA;NA;NA;NA;North;Norway
NO;1994;NA;NA;NA;NA;NA;NA;NA;North;Norway
RO;1996;NA;NA;NA;NA;NA;NA;NA;East;Romania
SE;1994;NA;NA;NA;NA;NA;NA;NA;North;Sweden
SK;1996;NA;NA;NA;NA;NA;NA;NA;Central;Slovakia
HR;1996;NA;NA;NA;NA;NA;NA;NA;East;Croatia
HR;1997;NA;NA;NA;NA;NA;NA;NA;East;Croatia
HR;1998;NA;NA;NA;NA;NA;  7310;  51784;East;Croatia
